frame_index,target_id,timestamp,callsign,latitude,longitude,altitude,speed,heading,vertical_rate,on_ground,altitude_is_geometric,timestamp_fallback,message_valid,latitude_code,longitude_code,altitude_code,speed_code,heading_code,vertical_rate_code,status_flags,validity_flags,message_seq
0,780abc,1710000060,CES1234,31.223173433106766,121.46852051461235,9800,230.5,86.0,0.0,False,False,False,True,2824704,3512362,10800,2305,8600,32768,0,127,0
1,000001,1710000090,TEST0001,2.1457677235048322e-05,0.0003004074812906765,0,0.0,0.0,0.0,True,False,False,True,2097152,2097155,1000,0,0,32768,1,127,1
2,780def,1710000120,,30.267362658348716,120.1493883489104,7600,,270.0,-1.1999999999999886,False,True,True,True,2802432,3496993,8600,0,27000,32648,6,55,2
3,780abc,1710000120,CES1234,31.23415976385111,121.46852051461235,9810,231.5,86.5,0.0,False,False,False,True,2824960,3512362,10810,2315,8650,32768,0,127,3
4,780abc,1710000180,CES1234,31.245146094595455,121.49049317610104,9810,232.5,86.5,0.0,False,False,False,True,2825216,3512618,10810,2325,8650,32768,0,127,4
5,000001,1710000150,TEST0001,2.1457677235048322e-05,0.0003004074812906765,10,1.0,0.5,0.0,True,False,False,True,2097152,2097155,1010,10,50,32768,1,127,5
6,000001,1710000210,TEST0001,0.01100778842157979,0.0003004074812906765,10,2.0,0.5,0.0,True,False,False,True,2097408,2097155,1010,20,50,32768,1,127,6
7,780def,1710000180,,30.27834898909306,120.1493883489104,7610,,270.5,-1.1999999999999886,False,True,True,True,2802688,3496993,8610,0,27050,32648,6,55,7
8,780def,1710000240,,30.289335319837406,120.1713610103991,7610,,270.5,-1.1999999999999886,False,True,True,True,2802944,3497249,8610,0,27050,32648,6,55,8
