target_id,timestamp,message_seq,track_sequence_no,callsign,latitude,longitude,altitude,speed,heading,vertical_rate,on_ground,altitude_is_geometric,timestamp_fallback,status_flags,validity_flags
000001,1710000090,1,1,TEST0001,2.1457677235048322e-05,0.0003004074812906765,0,0.0,0.0,0.0,True,False,False,1,127
000001,1710000150,5,2,TEST0001,2.1457677235048322e-05,0.0003004074812906765,10,1.0,0.5,0.0,True,False,False,1,127
000001,1710000210,6,3,TEST0001,0.01100778842157979,0.0003004074812906765,10,2.0,0.5,0.0,True,False,False,1,127
780abc,1710000060,0,1,CES1234,31.223173433106766,121.46852051461235,9800,230.5,86.0,0.0,False,False,False,0,127
780abc,1710000120,3,2,CES1234,31.23415976385111,121.46852051461235,9810,231.5,86.5,0.0,False,False,False,0,127
780abc,1710000180,4,3,CES1234,31.245146094595455,121.49049317610104,9810,232.5,86.5,0.0,False,False,False,0,127
780def,1710000120,2,1,,30.267362658348716,120.1493883489104,7600,,270.0,-1.1999999999999886,False,True,True,6,55
780def,1710000180,7,2,,30.27834898909306,120.1493883489104,7610,,270.5,-1.1999999999999886,False,True,True,6,55
780def,1710000240,8,3,,30.289335319837406,120.1713610103991,7610,,270.5,-1.1999999999999886,False,True,True,6,55
